key,data_source,species_reported,experiment_plant_id,experiment_matrix_id,experiment_treatment,experiment_time_day,plant_height_cm,leaf_number,leaf_scar_number,flower_bud_number,flower_number,flower_opened_day_ratio,flowering_presence,flowering_first_day,flowering_peak_day
CS2024_000001,experiment,Chamaecrista_latistipula,P14_a,P14,rhizobium_absent_organic_matter,113,39,12,7,0,NA,NA,FALSE,NA,NA
CS2024_000002,experiment,Chamaecrista_latistipula,P06_a,P06,rhizobium_absent_organic_matter,113,36,25,2,0,NA,NA,TRUE,220,220
CS2024_000003,experiment,Chamaecrista_latistipula,P12_a,P12,rhizobium_absent_organic_matter,113,35.5,13,3,0,NA,NA,FALSE,NA,NA
CS2024_000004,experiment,Chamaecrista_latistipula,P18_a,P18,rhizobium_absent_organic_matter,113,34.5,11,9,0,NA,NA,FALSE,NA,NA
CS2024_000005,experiment,Chamaecrista_latistipula,1999_a,1999,rhizobium_absent_organic_matter,113,59,24,11,0,NA,NA,FALSE,NA,NA
CS2024_000006,experiment,Chamaecrista_latistipula,2139_a,2139,rhizobium_absent_organic_matter,113,61.5,23,10,0,NA,NA,TRUE,162,162
CS2024_000007,experiment,Chamaecrista_latistipula,1989_a,1989,rhizobium_absent_organic_matter,113,44,23,1,0,NA,NA,TRUE,220,220
CS2024_000008,experiment,Chamaecrista_latistipula,2191_a,2191,rhizobium_absent_organic_matter,113,42.5,21,1,0,NA,NA,TRUE,220,220
CS2024_000009,experiment,Chamaecrista_latistipula,P13_a,P13,rhizobium_absent_organic_matter,113,60,32,10,0,NA,NA,TRUE,220,220
CS2024_000010,experiment,Chamaecrista_latistipula,P20_a,P20,rhizobium_absent_organic_matter,113,36.5,17,1,0,NA,NA,TRUE,450,450
CS2024_000011,experiment,Chamaecrista_latistipula,P11_a,P11,rhizobium_absent_organic_matter,113,33.5,14,3,0,NA,NA,TRUE,162,162
CS2024_000012,experiment,Chamaecrista_latistipula,P16_a,P16,rhizobium_absent_organic_matter,113,64,27,13,0,NA,NA,TRUE,162,162
CS2024_000013,experiment,Chamaecrista_latistipula,4109_a,4109,rhizobium_absent_organic_matter,113,59,47,8,0,NA,NA,TRUE,149,149
CS2024_000014,experiment,Chamaecrista_latistipula,1979_a,1979,rhizobium_absent_organic_matter,113,55,40,4,0,NA,NA,TRUE,162,162
CS2024_000015,experiment,Chamaecrista_latistipula,2137_a,2137,rhizobium_absent_organic_matter,113,45,19,3,0,NA,NA,FALSE,NA,NA
CS2024_000016,experiment,Chamaecrista_latistipula,1947_a,1947,rhizobium_absent_organic_matter,113,30,16,3,0,NA,NA,FALSE,NA,NA
CS2024_000017,experiment,Chamaecrista_latistipula,P14_b,P14,rhizobium_absent_sand_soil,113,56,19,13,0,NA,NA,FALSE,NA,NA
CS2024_000018,experiment,Chamaecrista_latistipula,P06_b,P06,rhizobium_absent_sand_soil,113,27,9,4,0,NA,NA,FALSE,NA,NA
CS2024_000019,experiment,Chamaecrista_latistipula,P12_b,P12,rhizobium_absent_sand_soil,113,24.5,9,6,0,NA,NA,FALSE,NA,NA
CS2024_000020,experiment,Chamaecrista_latistipula,P18_b,P18,rhizobium_absent_sand_soil,113,32,12,8,0,NA,NA,TRUE,450,450
CS2024_000021,experiment,Chamaecrista_latistipula,1999_b,1999,rhizobium_absent_sand_soil,113,29,10,9,0,NA,NA,FALSE,NA,NA
CS2024_000022,experiment,Chamaecrista_latistipula,2139_b,2139,rhizobium_absent_sand_soil,113,30.5,10,9,0,NA,NA,FALSE,NA,NA
CS2024_000023,experiment,Chamaecrista_latistipula,1989_b,1989,rhizobium_absent_sand_soil,113,45.5,14,4,0,NA,NA,FALSE,NA,NA
CS2024_000024,experiment,Chamaecrista_latistipula,2191_b,2191,rhizobium_absent_sand_soil,113,16.5,7,4,0,NA,NA,FALSE,NA,NA
CS2024_000025,experiment,Chamaecrista_latistipula,P13_b,P13,rhizobium_absent_sand_soil,113,16,16,1,0,NA,NA,FALSE,NA,NA
CS2024_000026,experiment,Chamaecrista_latistipula,P20_b,P20,rhizobium_absent_sand_soil,113,25,13,2,0,NA,NA,FALSE,NA,NA
CS2024_000027,experiment,Chamaecrista_latistipula,P11_b,P11,rhizobium_absent_sand_soil,113,37,11,11,0,NA,NA,FALSE,NA,NA
CS2024_000028,experiment,Chamaecrista_latistipula,P16_b,P16,rhizobium_absent_sand_soil,113,43,13,11,0,NA,NA,FALSE,NA,NA
CS2024_000029,experiment,Chamaecrista_latistipula,4109_b,4109,rhizobium_absent_sand_soil,113,36,14,10,0,NA,NA,FALSE,NA,NA
CS2024_000030,experiment,Chamaecrista_latistipula,1979_b,1979,rhizobium_absent_sand_soil,113,42,11,10,0,NA,NA,FALSE,NA,NA
CS2024_000031,experiment,Chamaecrista_latistipula,2137_b,2137,rhizobium_absent_sand_soil,113,28,11,6,0,NA,NA,FALSE,NA,NA
CS2024_000032,experiment,Chamaecrista_latistipula,1947_b,1947,rhizobium_absent_sand_soil,113,21,10,6,0,NA,NA,FALSE,NA,NA
CS2024_000033,experiment,Chamaecrista_latistipula,P20_c,P20,rhizobium_present_organic_matter,113,48,33,3,0,NA,NA,TRUE,220,220
CS2024_000034,experiment,Chamaecrista_latistipula,P06_c,P06,rhizobium_present_organic_matter,113,NA,NA,NA,0,NA,NA,NA,NA,NA
CS2024_000035,experiment,Chamaecrista_latistipula,P11_c,P11,rhizobium_present_organic_matter,113,67,34,6,7,NA,NA,TRUE,149,220
CS2024_000036,experiment,Chamaecrista_latistipula,P12_c,P12,rhizobium_present_organic_matter,113,25.5,14,7,0,NA,NA,TRUE,450,450
CS2024_000037,experiment,Chamaecrista_latistipula,P16_c,P16,rhizobium_present_organic_matter,113,NA,NA,NA,0,NA,NA,NA,NA,NA
CS2024_000038,experiment,Chamaecrista_latistipula,P18_c,P18,rhizobium_present_organic_matter,113,61,24,1,0,NA,NA,TRUE,450,450
CS2024_000039,experiment,Chamaecrista_latistipula,4109_c,4109,rhizobium_present_organic_matter,113,61.5,27,7,0,NA,NA,TRUE,220,220
CS2024_000040,experiment,Chamaecrista_latistipula,1999_c,1999,rhizobium_present_organic_matter,113,NA,NA,NA,0,NA,NA,NA,NA,NA
CS2024_000041,experiment,Chamaecrista_latistipula,1979_c,1979,rhizobium_present_organic_matter,113,43,25,2,0,NA,NA,FALSE,NA,NA
CS2024_000042,experiment,Chamaecrista_latistipula,2139_c,2139,rhizobium_present_organic_matter,113,12,2,3,0,NA,NA,NA,NA,NA
CS2024_000043,experiment,Chamaecrista_latistipula,2137_c,2137,rhizobium_present_organic_matter,113,10,3,0,0,NA,NA,NA,NA,NA
CS2024_000044,experiment,Chamaecrista_latistipula,1989_c,1989,rhizobium_present_organic_matter,113,44,26,5,0,NA,NA,TRUE,220,220
CS2024_000045,experiment,Chamaecrista_latistipula,1947_c,1947,rhizobium_present_organic_matter,113,17,11,4,0,NA,NA,TRUE,450,450
CS2024_000046,experiment,Chamaecrista_latistipula,2191_c,2191,rhizobium_present_organic_matter,113,14,11,1,0,NA,NA,FALSE,NA,NA
CS2024_000047,experiment,Chamaecrista_latistipula,P20_d,P20,rhizobium_present_sand_soil,113,81,35,9,2,NA,NA,TRUE,149,220
CS2024_000048,experiment,Chamaecrista_latistipula,P06_d,P06,rhizobium_present_sand_soil,113,94.5,69,7,0,NA,NA,TRUE,162,220
CS2024_000049,experiment,Chamaecrista_latistipula,P11_d,P11,rhizobium_present_sand_soil,113,68,36,5,2,NA,NA,TRUE,149,220
CS2024_000050,experiment,Chamaecrista_latistipula,P12_d,P12,rhizobium_present_sand_soil,113,87.5,57,6,0,NA,NA,TRUE,162,220
CS2024_000051,experiment,Chamaecrista_latistipula,P16_d,P16,rhizobium_present_sand_soil,113,121,115,9,18,NA,NA,TRUE,149,220
CS2024_000052,experiment,Chamaecrista_latistipula,P18_d,P18,rhizobium_present_sand_soil,113,83,44,3,0,NA,NA,TRUE,162,220
CS2024_000053,experiment,Chamaecrista_latistipula,4109_d,4109,rhizobium_present_sand_soil,113,115,137,5,20,NA,NA,TRUE,149,162
CS2024_000054,experiment,Chamaecrista_latistipula,1999_d,1999,rhizobium_present_sand_soil,113,113,125,5,12,NA,NA,TRUE,149,162
CS2024_000055,experiment,Chamaecrista_latistipula,1979_d,1979,rhizobium_present_sand_soil,113,112,70,10,16,NA,NA,TRUE,149,162
CS2024_000056,experiment,Chamaecrista_latistipula,2139_d,2139,rhizobium_present_sand_soil,113,101,53,8,6,NA,NA,TRUE,149,220
CS2024_000057,experiment,Chamaecrista_latistipula,2137_d,2137,rhizobium_present_sand_soil,113,61,26,7,0,NA,NA,TRUE,162,220
CS2024_000058,experiment,Chamaecrista_latistipula,1989_d,1989,rhizobium_present_sand_soil,113,111,107,5,22,NA,NA,TRUE,149,162
CS2024_000059,experiment,Chamaecrista_latistipula,1947_d,1947,rhizobium_present_sand_soil,113,104,94,4,15,NA,NA,TRUE,149,220
CS2024_000060,experiment,Chamaecrista_latistipula,2191_d,2191,rhizobium_present_sand_soil,113,76.5,45,7,0,NA,NA,TRUE,162,220
CS2024_000061,experiment,Chamaecrista_latistipula,P14_a,P14,rhizobium_absent_organic_matter,149,NA,NA,NA,0,0,0,FALSE,NA,NA
CS2024_000062,experiment,Chamaecrista_latistipula,P06_a,P06,rhizobium_absent_organic_matter,149,NA,NA,NA,0,0,0,TRUE,220,220
CS2024_000063,experiment,Chamaecrista_latistipula,P12_a,P12,rhizobium_absent_organic_matter,149,NA,NA,NA,0,0,0,FALSE,NA,NA
CS2024_000064,experiment,Chamaecrista_latistipula,P18_a,P18,rhizobium_absent_organic_matter,149,NA,NA,NA,0,0,0,FALSE,NA,NA
CS2024_000065,experiment,Chamaecrista_latistipula,1999_a,1999,rhizobium_absent_organic_matter,149,NA,NA,NA,3,0,0,FALSE,NA,NA
CS2024_000066,experiment,Chamaecrista_latistipula,2139_a,2139,rhizobium_absent_organic_matter,149,NA,NA,NA,3,0,0,TRUE,162,162
CS2024_000067,experiment,Chamaecrista_latistipula,1989_a,1989,rhizobium_absent_organic_matter,149,NA,NA,NA,0,0,0,TRUE,220,220
CS2024_000068,experiment,Chamaecrista_latistipula,2191_a,2191,rhizobium_absent_organic_matter,149,NA,NA,NA,1,0,0,TRUE,220,220
CS2024_000069,experiment,Chamaecrista_latistipula,P13_a,P13,rhizobium_absent_organic_matter,149,NA,NA,NA,0,0,0,TRUE,220,220
CS2024_000070,experiment,Chamaecrista_latistipula,P20_a,P20,rhizobium_absent_organic_matter,149,NA,NA,NA,0,0,0,TRUE,450,450
CS2024_000071,experiment,Chamaecrista_latistipula,P11_a,P11,rhizobium_absent_organic_matter,149,NA,NA,NA,0,0,0,TRUE,162,162
CS2024_000072,experiment,Chamaecrista_latistipula,P16_a,P16,rhizobium_absent_organic_matter,149,NA,NA,NA,2,0,0,TRUE,162,162
CS2024_000073,experiment,Chamaecrista_latistipula,4109_a,4109,rhizobium_absent_organic_matter,149,NA,NA,NA,2,3,1,TRUE,149,149
CS2024_000074,experiment,Chamaecrista_latistipula,1979_a,1979,rhizobium_absent_organic_matter,149,NA,NA,NA,1,0,0,TRUE,162,162
CS2024_000075,experiment,Chamaecrista_latistipula,2137_a,2137,rhizobium_absent_organic_matter,149,NA,NA,NA,0,0,0,FALSE,NA,NA
CS2024_000076,experiment,Chamaecrista_latistipula,1947_a,1947,rhizobium_absent_organic_matter,149,NA,NA,NA,0,0,0,FALSE,NA,NA
CS2024_000077,experiment,Chamaecrista_latistipula,P14_b,P14,rhizobium_absent_sand_soil,149,NA,NA,NA,0,0,0,FALSE,NA,NA
CS2024_000078,experiment,Chamaecrista_latistipula,P06_b,P06,rhizobium_absent_sand_soil,149,NA,NA,NA,0,0,0,FALSE,NA,NA
CS2024_000079,experiment,Chamaecrista_latistipula,P12_b,P12,rhizobium_absent_sand_soil,149,NA,NA,NA,0,0,0,FALSE,NA,NA
CS2024_000080,experiment,Chamaecrista_latistipula,P18_b,P18,rhizobium_absent_sand_soil,149,NA,NA,NA,0,0,0,TRUE,450,450
CS2024_000081,experiment,Chamaecrista_latistipula,1999_b,1999,rhizobium_absent_sand_soil,149,NA,NA,NA,0,0,0,FALSE,NA,NA
CS2024_000082,experiment,Chamaecrista_latistipula,2139_b,2139,rhizobium_absent_sand_soil,149,NA,NA,NA,0,0,0,FALSE,NA,NA
CS2024_000083,experiment,Chamaecrista_latistipula,1989_b,1989,rhizobium_absent_sand_soil,149,NA,NA,NA,0,0,0,FALSE,NA,NA
CS2024_000084,experiment,Chamaecrista_latistipula,2191_b,2191,rhizobium_absent_sand_soil,149,NA,NA,NA,0,0,0,FALSE,NA,NA
CS2024_000085,experiment,Chamaecrista_latistipula,P13_b,P13,rhizobium_absent_sand_soil,149,NA,NA,NA,0,0,0,FALSE,NA,NA
CS2024_000086,experiment,Chamaecrista_latistipula,P20_b,P20,rhizobium_absent_sand_soil,149,NA,NA,NA,0,0,0,FALSE,NA,NA
CS2024_000087,experiment,Chamaecrista_latistipula,P11_b,P11,rhizobium_absent_sand_soil,149,NA,NA,NA,0,0,0,FALSE,NA,NA
CS2024_000088,experiment,Chamaecrista_latistipula,P16_b,P16,rhizobium_absent_sand_soil,149,NA,NA,NA,0,0,0,FALSE,NA,NA
CS2024_000089,experiment,Chamaecrista_latistipula,4109_b,4109,rhizobium_absent_sand_soil,149,NA,NA,NA,0,0,0,FALSE,NA,NA
CS2024_000090,experiment,Chamaecrista_latistipula,1979_b,1979,rhizobium_absent_sand_soil,149,NA,NA,NA,0,0,0,FALSE,NA,NA
CS2024_000091,experiment,Chamaecrista_latistipula,2137_b,2137,rhizobium_absent_sand_soil,149,NA,NA,NA,0,0,0,FALSE,NA,NA
CS2024_000092,experiment,Chamaecrista_latistipula,1947_b,1947,rhizobium_absent_sand_soil,149,NA,NA,NA,0,0,0,FALSE,NA,NA
CS2024_000093,experiment,Chamaecrista_latistipula,P20_c,P20,rhizobium_present_organic_matter,149,NA,NA,NA,0,0,0,TRUE,220,220
CS2024_000094,experiment,Chamaecrista_latistipula,P06_c,P06,rhizobium_present_organic_matter,149,NA,NA,NA,NA,NA,NA,NA,NA,NA
CS2024_000095,experiment,Chamaecrista_latistipula,P11_c,P11,rhizobium_present_organic_matter,149,NA,NA,NA,12,3,7,TRUE,149,220
CS2024_000096,experiment,Chamaecrista_latistipula,P12_c,P12,rhizobium_present_organic_matter,149,NA,NA,NA,0,0,0,TRUE,450,450
CS2024_000097,experiment,Chamaecrista_latistipula,P16_c,P16,rhizobium_present_organic_matter,149,NA,NA,NA,NA,NA,NA,NA,NA,NA
CS2024_000098,experiment,Chamaecrista_latistipula,P18_c,P18,rhizobium_present_organic_matter,149,NA,NA,NA,0,0,0,TRUE,450,450
CS2024_000099,experiment,Chamaecrista_latistipula,4109_c,4109,rhizobium_present_organic_matter,149,NA,NA,NA,0,0,0,TRUE,220,220
CS2024_000100,experiment,Chamaecrista_latistipula,1999_c,1999,rhizobium_present_organic_matter,149,NA,NA,NA,NA,NA,NA,NA,NA,NA
CS2024_000101,experiment,Chamaecrista_latistipula,1979_c,1979,rhizobium_present_organic_matter,149,NA,NA,NA,0,0,0,FALSE,NA,NA
CS2024_000102,experiment,Chamaecrista_latistipula,2139_c,2139,rhizobium_present_organic_matter,149,NA,NA,NA,0,0,0,NA,NA,NA
CS2024_000103,experiment,Chamaecrista_latistipula,2137_c,2137,rhizobium_present_organic_matter,149,NA,NA,NA,0,0,0,NA,NA,NA
CS2024_000104,experiment,Chamaecrista_latistipula,1989_c,1989,rhizobium_present_organic_matter,149,NA,NA,NA,0,0,0,TRUE,220,220
CS2024_000105,experiment,Chamaecrista_latistipula,1947_c,1947,rhizobium_present_organic_matter,149,NA,NA,NA,0,0,0,TRUE,450,450
CS2024_000106,experiment,Chamaecrista_latistipula,2191_c,2191,rhizobium_present_organic_matter,149,NA,NA,NA,0,0,0,FALSE,NA,NA
CS2024_000107,experiment,Chamaecrista_latistipula,P20_d,P20,rhizobium_present_sand_soil,149,NA,NA,NA,13,3,1,TRUE,149,220
CS2024_000108,experiment,Chamaecrista_latistipula,P06_d,P06,rhizobium_present_sand_soil,149,NA,NA,NA,26,0,0,TRUE,162,220
CS2024_000109,experiment,Chamaecrista_latistipula,P11_d,P11,rhizobium_present_sand_soil,149,NA,NA,NA,11,3,3,TRUE,149,220
CS2024_000110,experiment,Chamaecrista_latistipula,P12_d,P12,rhizobium_present_sand_soil,149,NA,NA,NA,24,0,0,TRUE,162,220
CS2024_000111,experiment,Chamaecrista_latistipula,P16_d,P16,rhizobium_present_sand_soil,149,NA,NA,NA,55,23,9,TRUE,149,220
CS2024_000112,experiment,Chamaecrista_latistipula,P18_d,P18,rhizobium_present_sand_soil,149,NA,NA,NA,13,0,0,TRUE,162,220
CS2024_000113,experiment,Chamaecrista_latistipula,4109_d,4109,rhizobium_present_sand_soil,149,NA,NA,NA,65,43,11,TRUE,149,162
CS2024_000114,experiment,Chamaecrista_latistipula,1999_d,1999,rhizobium_present_sand_soil,149,NA,NA,NA,48,23,9,TRUE,149,162
CS2024_000115,experiment,Chamaecrista_latistipula,1979_d,1979,rhizobium_present_sand_soil,149,NA,NA,NA,45,22,6,TRUE,149,162
CS2024_000116,experiment,Chamaecrista_latistipula,2139_d,2139,rhizobium_present_sand_soil,149,NA,NA,NA,27,6,2,TRUE,149,220
CS2024_000117,experiment,Chamaecrista_latistipula,2137_d,2137,rhizobium_present_sand_soil,149,NA,NA,NA,4,0,0,TRUE,162,220
CS2024_000118,experiment,Chamaecrista_latistipula,1989_d,1989,rhizobium_present_sand_soil,149,NA,NA,NA,49,26,7,TRUE,149,162
CS2024_000119,experiment,Chamaecrista_latistipula,1947_d,1947,rhizobium_present_sand_soil,149,NA,NA,NA,41,20,6,TRUE,149,220
CS2024_000120,experiment,Chamaecrista_latistipula,2191_d,2191,rhizobium_present_sand_soil,149,NA,NA,NA,20,0,0,TRUE,162,220
CS2024_000121,experiment,Chamaecrista_latistipula,P14_a,P14,rhizobium_absent_organic_matter,162,74,54,8,0,0,0,FALSE,NA,NA
CS2024_000122,experiment,Chamaecrista_latistipula,P06_a,P06,rhizobium_absent_organic_matter,162,63.5,39,12,0,0,0,TRUE,220,220
CS2024_000123,experiment,Chamaecrista_latistipula,P12_a,P12,rhizobium_absent_organic_matter,162,61,37,11,0,0,0,FALSE,NA,NA
CS2024_000124,experiment,Chamaecrista_latistipula,P18_a,P18,rhizobium_absent_organic_matter,162,56.5,50,14,0,0,0,FALSE,NA,NA
CS2024_000125,experiment,Chamaecrista_latistipula,1999_a,1999,rhizobium_absent_organic_matter,162,83,68,16,0,0,0,FALSE,NA,NA
CS2024_000126,experiment,Chamaecrista_latistipula,2139_a,2139,rhizobium_absent_organic_matter,162,82,61,16,0,3,1,TRUE,162,162
CS2024_000127,experiment,Chamaecrista_latistipula,1989_a,1989,rhizobium_absent_organic_matter,162,76,41,10,2,0,1,TRUE,220,220
CS2024_000128,experiment,Chamaecrista_latistipula,2191_a,2191,rhizobium_absent_organic_matter,162,68,45,12,0,0,0,TRUE,220,220
CS2024_000129,experiment,Chamaecrista_latistipula,P13_a,P13,rhizobium_absent_organic_matter,162,83,82,14,0,0,0,TRUE,220,220
CS2024_000130,experiment,Chamaecrista_latistipula,P20_a,P20,rhizobium_absent_organic_matter,162,61,40,11,0,0,0,TRUE,450,450
CS2024_000131,experiment,Chamaecrista_latistipula,P11_a,P11,rhizobium_absent_organic_matter,162,67,45,6,0,2,0,TRUE,162,162
CS2024_000132,experiment,Chamaecrista_latistipula,P16_a,P16,rhizobium_absent_organic_matter,162,83.5,91,14,0,2,0,TRUE,162,162
CS2024_000133,experiment,Chamaecrista_latistipula,4109_a,4109,rhizobium_absent_organic_matter,162,65,85,25,0,2,1,TRUE,149,149
CS2024_000134,experiment,Chamaecrista_latistipula,1979_a,1979,rhizobium_absent_organic_matter,162,76,80,18,2,1,0,TRUE,162,162
CS2024_000135,experiment,Chamaecrista_latistipula,2137_a,2137,rhizobium_absent_organic_matter,162,75,52,12,0,0,0,FALSE,NA,NA
CS2024_000136,experiment,Chamaecrista_latistipula,1947_a,1947,rhizobium_absent_organic_matter,162,61.5,44,8,0,0,0,FALSE,NA,NA
CS2024_000137,experiment,Chamaecrista_latistipula,P14_b,P14,rhizobium_absent_sand_soil,162,82.5,31,18,0,0,0,FALSE,NA,NA
CS2024_000138,experiment,Chamaecrista_latistipula,P06_b,P06,rhizobium_absent_sand_soil,162,50.4,21,9,0,0,0,FALSE,NA,NA
CS2024_000139,experiment,Chamaecrista_latistipula,P12_b,P12,rhizobium_absent_sand_soil,162,43.5,20,10,0,0,0,FALSE,NA,NA
CS2024_000140,experiment,Chamaecrista_latistipula,P18_b,P18,rhizobium_absent_sand_soil,162,66,27,13,0,0,0,TRUE,450,450
CS2024_000141,experiment,Chamaecrista_latistipula,1999_b,1999,rhizobium_absent_sand_soil,162,54,17,10,0,0,0,FALSE,NA,NA
CS2024_000142,experiment,Chamaecrista_latistipula,2139_b,2139,rhizobium_absent_sand_soil,162,53,30,15,0,0,0,FALSE,NA,NA
CS2024_000143,experiment,Chamaecrista_latistipula,1989_b,1989,rhizobium_absent_sand_soil,162,70.5,20,16,0,0,0,FALSE,NA,NA
CS2024_000144,experiment,Chamaecrista_latistipula,2191_b,2191,rhizobium_absent_sand_soil,162,44.5,17,1,0,0,0,FALSE,NA,NA
CS2024_000145,experiment,Chamaecrista_latistipula,P13_b,P13,rhizobium_absent_sand_soil,162,34,31,3,0,0,0,FALSE,NA,NA
CS2024_000146,experiment,Chamaecrista_latistipula,P20_b,P20,rhizobium_absent_sand_soil,162,50.5,27,6,0,0,0,FALSE,NA,NA
CS2024_000147,experiment,Chamaecrista_latistipula,4109_b,4109,rhizobium_absent_sand_soil,162,60,24,13,0,0,0,FALSE,NA,NA
CS2024_000148,experiment,Chamaecrista_latistipula,P16_b,P16,rhizobium_absent_sand_soil,162,69.5,19,15,0,0,0,FALSE,NA,NA
CS2024_000149,experiment,Chamaecrista_latistipula,P11_b,P11,rhizobium_absent_sand_soil,162,57.5,40,10,0,0,0,FALSE,NA,NA
CS2024_000150,experiment,Chamaecrista_latistipula,1979_b,1979,rhizobium_absent_sand_soil,162,71,28,14,0,0,0,FALSE,NA,NA
CS2024_000151,experiment,Chamaecrista_latistipula,2137_b,2137,rhizobium_absent_sand_soil,162,49,18,6,0,0,0,FALSE,NA,NA
CS2024_000152,experiment,Chamaecrista_latistipula,1947_b,1947,rhizobium_absent_sand_soil,162,43,13,11,0,0,0,FALSE,NA,NA
CS2024_000153,experiment,Chamaecrista_latistipula,P20_c,P20,rhizobium_present_organic_matter,162,48,36,19,0,0,0,TRUE,220,220
CS2024_000154,experiment,Chamaecrista_latistipula,P06_c,P06,rhizobium_present_organic_matter,162,NA,NA,NA,NA,NA,NA,NA,NA,NA
CS2024_000155,experiment,Chamaecrista_latistipula,P11_c,P11,rhizobium_present_organic_matter,162,97,77,11,7,6,3,TRUE,149,220
CS2024_000156,experiment,Chamaecrista_latistipula,P12_c,P12,rhizobium_present_organic_matter,162,43.5,20,18,0,0,0,TRUE,450,450
CS2024_000157,experiment,Chamaecrista_latistipula,P16_c,P16,rhizobium_present_organic_matter,162,NA,NA,NA,NA,NA,NA,NA,NA,NA
CS2024_000158,experiment,Chamaecrista_latistipula,P18_c,P18,rhizobium_present_organic_matter,162,72.5,54,5,0,0,0,TRUE,450,450
CS2024_000159,experiment,Chamaecrista_latistipula,4109_c,4109,rhizobium_present_organic_matter,162,96.5,77,4,4,0,0,TRUE,220,220
CS2024_000160,experiment,Chamaecrista_latistipula,1999_c,1999,rhizobium_present_organic_matter,162,NA,NA,NA,NA,NA,NA,NA,NA,NA
CS2024_000161,experiment,Chamaecrista_latistipula,1979_c,1979,rhizobium_present_organic_matter,162,69,66,4,0,0,0,FALSE,NA,NA
CS2024_000162,experiment,Chamaecrista_latistipula,2139_c,2139,rhizobium_present_organic_matter,162,4,5,4,0,0,0,NA,NA,NA
CS2024_000163,experiment,Chamaecrista_latistipula,2137_c,2137,rhizobium_present_organic_matter,162,NA,NA,NA,NA,NA,NA,NA,NA,NA
CS2024_000164,experiment,Chamaecrista_latistipula,1989_c,1989,rhizobium_present_organic_matter,162,69.7,69,9,0,0,0,TRUE,220,220
CS2024_000165,experiment,Chamaecrista_latistipula,1947_c,1947,rhizobium_present_organic_matter,162,25.6,22,5,0,0,0,TRUE,450,450
CS2024_000166,experiment,Chamaecrista_latistipula,2191_c,2191,rhizobium_present_organic_matter,162,33.7,18,2,0,0,0,FALSE,NA,NA
CS2024_000167,experiment,Chamaecrista_latistipula,P20_d,P20,rhizobium_present_sand_soil,162,125.5,88,6,19,17,4,TRUE,149,220
CS2024_000168,experiment,Chamaecrista_latistipula,P06_d,P06,rhizobium_present_sand_soil,162,126.5,183,11,50,28,8,TRUE,162,220
CS2024_000169,experiment,Chamaecrista_latistipula,P11_d,P11,rhizobium_present_sand_soil,162,104,102,6,23,14,1,TRUE,149,220
CS2024_000170,experiment,Chamaecrista_latistipula,P12_d,P12,rhizobium_present_sand_soil,162,101,159,12,36,21,6,TRUE,162,220
CS2024_000171,experiment,Chamaecrista_latistipula,P16_d,P16,rhizobium_present_sand_soil,162,157.5,221,18,101,53,20,TRUE,149,220
CS2024_000172,experiment,Chamaecrista_latistipula,P18_d,P18,rhizobium_present_sand_soil,162,131.5,114,9,27,13,3,TRUE,162,220
CS2024_000173,experiment,Chamaecrista_latistipula,4109_d,4109,rhizobium_present_sand_soil,162,152,243,21,117,71,18,TRUE,149,162
CS2024_000174,experiment,Chamaecrista_latistipula,1999_d,1999,rhizobium_present_sand_soil,162,143,251,12,103,79,5,TRUE,149,162
CS2024_000175,experiment,Chamaecrista_latistipula,1979_d,1979,rhizobium_present_sand_soil,162,148.5,177,8,55,49,9,TRUE,149,162
CS2024_000176,experiment,Chamaecrista_latistipula,2139_d,2139,rhizobium_present_sand_soil,162,140.5,129,6,44,27,2,TRUE,149,220
CS2024_000177,experiment,Chamaecrista_latistipula,2137_d,2137,rhizobium_present_sand_soil,162,104.5,63,10,6,3,0,TRUE,162,220
CS2024_000178,experiment,Chamaecrista_latistipula,1989_d,1989,rhizobium_present_sand_soil,162,151.5,201,14,87,60,8,TRUE,149,162
CS2024_000179,experiment,Chamaecrista_latistipula,1947_d,1947,rhizobium_present_sand_soil,162,133,199,8,80,45,6,TRUE,149,220
CS2024_000180,experiment,Chamaecrista_latistipula,2191_d,2191,rhizobium_present_sand_soil,162,122.6,119,6,31,20,4,TRUE,162,220
CS2024_000181,experiment,Chamaecrista_latistipula,P14_a,P14,rhizobium_absent_organic_matter,190,88.5,85,6,NA,NA,NA,FALSE,NA,NA
CS2024_000182,experiment,Chamaecrista_latistipula,P06_a,P06,rhizobium_absent_organic_matter,190,84.5,54,16,NA,NA,NA,TRUE,220,220
CS2024_000183,experiment,Chamaecrista_latistipula,P12_a,P12,rhizobium_absent_organic_matter,190,74.9,60,12,NA,NA,NA,FALSE,NA,NA
CS2024_000184,experiment,Chamaecrista_latistipula,P18_a,P18,rhizobium_absent_organic_matter,190,69.4,84,6,NA,NA,NA,FALSE,NA,NA
CS2024_000185,experiment,Chamaecrista_latistipula,1999_a,1999,rhizobium_absent_organic_matter,190,87.4,92,17,NA,NA,NA,FALSE,NA,NA
CS2024_000186,experiment,Chamaecrista_latistipula,2139_a,2139,rhizobium_absent_organic_matter,190,87.4,74,15,NA,NA,NA,TRUE,162,162
CS2024_000187,experiment,Chamaecrista_latistipula,1989_a,1989,rhizobium_absent_organic_matter,190,88.2,60,11,NA,NA,NA,TRUE,220,220
CS2024_000188,experiment,Chamaecrista_latistipula,2191_a,2191,rhizobium_absent_organic_matter,190,77.5,58,11,NA,NA,NA,TRUE,220,220
CS2024_000189,experiment,Chamaecrista_latistipula,P13_a,P13,rhizobium_absent_organic_matter,190,71,111,26,NA,NA,NA,TRUE,220,220
CS2024_000190,experiment,Chamaecrista_latistipula,P20_a,P20,rhizobium_absent_organic_matter,190,75,74,9,NA,NA,NA,TRUE,450,450
CS2024_000191,experiment,Chamaecrista_latistipula,P11_a,P11,rhizobium_absent_organic_matter,190,84.4,70,8,NA,NA,NA,TRUE,162,162
CS2024_000192,experiment,Chamaecrista_latistipula,P16_a,P16,rhizobium_absent_organic_matter,190,78.5,97,28,NA,NA,NA,TRUE,162,162
CS2024_000193,experiment,Chamaecrista_latistipula,4109_a,4109,rhizobium_absent_organic_matter,190,78.1,92,34,NA,NA,NA,TRUE,149,149
CS2024_000194,experiment,Chamaecrista_latistipula,1979_a,1979,rhizobium_absent_organic_matter,190,84.8,88,41,NA,NA,NA,TRUE,162,162
CS2024_000195,experiment,Chamaecrista_latistipula,2137_a,2137,rhizobium_absent_organic_matter,190,71.2,90,7,NA,NA,NA,FALSE,NA,NA
CS2024_000196,experiment,Chamaecrista_latistipula,1947_a,1947,rhizobium_absent_organic_matter,190,70.4,62,7,NA,NA,NA,FALSE,NA,NA
CS2024_000197,experiment,Chamaecrista_latistipula,P14_b,P14,rhizobium_absent_sand_soil,190,94,39,18,NA,NA,NA,FALSE,NA,NA
CS2024_000198,experiment,Chamaecrista_latistipula,P06_b,P06,rhizobium_absent_sand_soil,190,64.2,31,11,NA,NA,NA,FALSE,NA,NA
CS2024_000199,experiment,Chamaecrista_latistipula,P12_b,P12,rhizobium_absent_sand_soil,190,52.2,29,11,NA,NA,NA,FALSE,NA,NA
CS2024_000200,experiment,Chamaecrista_latistipula,P18_b,P18,rhizobium_absent_sand_soil,190,78.9,40,9,NA,NA,NA,TRUE,450,450
CS2024_000201,experiment,Chamaecrista_latistipula,1999_b,1999,rhizobium_absent_sand_soil,190,63.9,24,9,NA,NA,NA,FALSE,NA,NA
CS2024_000202,experiment,Chamaecrista_latistipula,2139_b,2139,rhizobium_absent_sand_soil,190,61.4,38,14,NA,NA,NA,FALSE,NA,NA
CS2024_000203,experiment,Chamaecrista_latistipula,1989_b,1989,rhizobium_absent_sand_soil,190,82.4,24,16,NA,NA,NA,FALSE,NA,NA
CS2024_000204,experiment,Chamaecrista_latistipula,2191_b,2191,rhizobium_absent_sand_soil,190,57.9,19,6,NA,NA,NA,FALSE,NA,NA
CS2024_000205,experiment,Chamaecrista_latistipula,P13_b,P13,rhizobium_absent_sand_soil,190,36,34,7,NA,NA,NA,FALSE,NA,NA
CS2024_000206,experiment,Chamaecrista_latistipula,P20_b,P20,rhizobium_absent_sand_soil,190,62,36,8,NA,NA,NA,FALSE,NA,NA
CS2024_000207,experiment,Chamaecrista_latistipula,4109_b,4109,rhizobium_absent_sand_soil,190,71.2,38,14,NA,NA,NA,FALSE,NA,NA
CS2024_000208,experiment,Chamaecrista_latistipula,P16_b,P16,rhizobium_absent_sand_soil,190,81.2,23,16,NA,NA,NA,FALSE,NA,NA
CS2024_000209,experiment,Chamaecrista_latistipula,P11_b,P11,rhizobium_absent_sand_soil,190,65,52,11,NA,NA,NA,FALSE,NA,NA
CS2024_000210,experiment,Chamaecrista_latistipula,1979_b,1979,rhizobium_absent_sand_soil,190,78.3,36,14,NA,NA,NA,FALSE,NA,NA
CS2024_000211,experiment,Chamaecrista_latistipula,2137_b,2137,rhizobium_absent_sand_soil,190,61,37,7,NA,NA,NA,FALSE,NA,NA
CS2024_000212,experiment,Chamaecrista_latistipula,1947_b,1947,rhizobium_absent_sand_soil,190,56.1,27,10,NA,NA,NA,FALSE,NA,NA
CS2024_000213,experiment,Chamaecrista_latistipula,P20_c,P20,rhizobium_present_organic_matter,190,63.5,60,34,NA,NA,NA,TRUE,220,220
CS2024_000214,experiment,Chamaecrista_latistipula,P06_c,P06,rhizobium_present_organic_matter,190,NA,NA,NA,NA,NA,NA,NA,NA,NA
CS2024_000215,experiment,Chamaecrista_latistipula,P11_c,P11,rhizobium_present_organic_matter,190,101,123,22,NA,NA,NA,TRUE,149,220
CS2024_000216,experiment,Chamaecrista_latistipula,P12_c,P12,rhizobium_present_organic_matter,190,59,45,16,NA,NA,NA,TRUE,450,450
CS2024_000217,experiment,Chamaecrista_latistipula,P16_c,P16,rhizobium_present_organic_matter,190,NA,NA,NA,NA,NA,NA,NA,NA,NA
CS2024_000218,experiment,Chamaecrista_latistipula,P18_c,P18,rhizobium_present_organic_matter,190,74,61,16,NA,NA,NA,TRUE,450,450
CS2024_000219,experiment,Chamaecrista_latistipula,4109_c,4109,rhizobium_present_organic_matter,190,115.5,102,16,NA,NA,NA,TRUE,220,220
CS2024_000220,experiment,Chamaecrista_latistipula,1999_c,1999,rhizobium_present_organic_matter,190,NA,NA,NA,NA,NA,NA,NA,NA,NA
CS2024_000221,experiment,Chamaecrista_latistipula,1979_c,1979,rhizobium_present_organic_matter,190,80,91,16,NA,NA,NA,FALSE,NA,NA
CS2024_000222,experiment,Chamaecrista_latistipula,2139_c,2139,rhizobium_present_organic_matter,190,NA,NA,NA,NA,NA,NA,NA,NA,NA
CS2024_000223,experiment,Chamaecrista_latistipula,2137_c,2137,rhizobium_present_organic_matter,190,NA,NA,NA,NA,NA,NA,NA,NA,NA
CS2024_000224,experiment,Chamaecrista_latistipula,1989_c,1989,rhizobium_present_organic_matter,190,88.5,108,17,NA,NA,NA,TRUE,220,220
CS2024_000225,experiment,Chamaecrista_latistipula,1947_c,1947,rhizobium_present_organic_matter,190,36,29,10,NA,NA,NA,TRUE,450,450
CS2024_000226,experiment,Chamaecrista_latistipula,2191_c,2191,rhizobium_present_organic_matter,190,47,35,7,NA,NA,NA,FALSE,NA,NA
CS2024_000227,experiment,Chamaecrista_latistipula,P20_d,P20,rhizobium_present_sand_soil,190,153,187,8,NA,NA,NA,TRUE,149,220
CS2024_000228,experiment,Chamaecrista_latistipula,P06_d,P06,rhizobium_present_sand_soil,190,152,278,16,NA,NA,NA,TRUE,162,220
CS2024_000229,experiment,Chamaecrista_latistipula,P11_d,P11,rhizobium_present_sand_soil,190,97,191,4,NA,NA,NA,TRUE,149,220
CS2024_000230,experiment,Chamaecrista_latistipula,P12_d,P12,rhizobium_present_sand_soil,190,148,248,18,NA,NA,NA,TRUE,162,220
CS2024_000231,experiment,Chamaecrista_latistipula,P16_d,P16,rhizobium_present_sand_soil,190,164,311,15,NA,NA,NA,TRUE,149,220
CS2024_000232,experiment,Chamaecrista_latistipula,P18_d,P18,rhizobium_present_sand_soil,190,145,154,13,NA,NA,NA,TRUE,162,220
CS2024_000233,experiment,Chamaecrista_latistipula,4109_d,4109,rhizobium_present_sand_soil,190,159,321,19,NA,NA,NA,TRUE,149,162
CS2024_000234,experiment,Chamaecrista_latistipula,1999_d,1999,rhizobium_present_sand_soil,190,153.5,289,12,NA,NA,NA,TRUE,149,162
CS2024_000235,experiment,Chamaecrista_latistipula,1979_d,1979,rhizobium_present_sand_soil,190,170,245,6,NA,NA,NA,TRUE,149,162
CS2024_000236,experiment,Chamaecrista_latistipula,2139_d,2139,rhizobium_present_sand_soil,190,157,216,11,NA,NA,NA,TRUE,149,220
CS2024_000237,experiment,Chamaecrista_latistipula,2137_d,2137,rhizobium_present_sand_soil,190,139,135,6,NA,NA,NA,TRUE,162,220
CS2024_000238,experiment,Chamaecrista_latistipula,1989_d,1989,rhizobium_present_sand_soil,190,168,289,14,NA,NA,NA,TRUE,149,162
CS2024_000239,experiment,Chamaecrista_latistipula,1947_d,1947,rhizobium_present_sand_soil,190,151,323,10,NA,NA,NA,TRUE,149,220
CS2024_000240,experiment,Chamaecrista_latistipula,2191_d,2191,rhizobium_present_sand_soil,190,149.5,206,5,NA,NA,NA,TRUE,162,220
CS2024_000241,experiment,Chamaecrista_latistipula,P14_a,P14,rhizobium_absent_organic_matter,220,95,104,29,2,0,1,FALSE,NA,NA
CS2024_000242,experiment,Chamaecrista_latistipula,P06_a,P06,rhizobium_absent_organic_matter,220,86,38,25,2,1,0,TRUE,220,220
CS2024_000243,experiment,Chamaecrista_latistipula,P12_a,P12,rhizobium_absent_organic_matter,220,78,73,23,0,0,0,FALSE,NA,NA
CS2024_000244,experiment,Chamaecrista_latistipula,P18_a,P18,rhizobium_absent_organic_matter,220,83,95,19,0,0,0,FALSE,NA,NA
CS2024_000245,experiment,Chamaecrista_latistipula,1999_a,1999,rhizobium_absent_organic_matter,220,96,92,41,0,0,0,FALSE,NA,NA
CS2024_000246,experiment,Chamaecrista_latistipula,2139_a,2139,rhizobium_absent_organic_matter,220,89,86,32,0,0,0,TRUE,162,162
CS2024_000247,experiment,Chamaecrista_latistipula,1989_a,1989,rhizobium_absent_organic_matter,220,96,68,20,0,4,0,TRUE,220,220
CS2024_000248,experiment,Chamaecrista_latistipula,2191_a,2191,rhizobium_absent_organic_matter,220,83,64,31,1,1,3,TRUE,220,220
CS2024_000249,experiment,Chamaecrista_latistipula,P13_a,P13,rhizobium_absent_organic_matter,220,83,86,53,1,1,1,TRUE,220,220
CS2024_000250,experiment,Chamaecrista_latistipula,P20_a,P20,rhizobium_absent_organic_matter,220,72,79,19,0,0,0,TRUE,450,450
CS2024_000251,experiment,Chamaecrista_latistipula,P11_a,P11,rhizobium_absent_organic_matter,220,93,92,21,0,2,0,TRUE,162,162
CS2024_000252,experiment,Chamaecrista_latistipula,P16_a,P16,rhizobium_absent_organic_matter,220,88,102,49,0,0,0,TRUE,162,162
CS2024_000253,experiment,Chamaecrista_latistipula,4109_a,4109,rhizobium_absent_organic_matter,220,79,66,87,3,0,1,TRUE,149,149
CS2024_000254,experiment,Chamaecrista_latistipula,1979_a,1979,rhizobium_absent_organic_matter,220,91,54,51,1,1,1,TRUE,162,162
CS2024_000255,experiment,Chamaecrista_latistipula,2137_a,2137,rhizobium_absent_organic_matter,220,87,84,28,0,0,0,FALSE,NA,NA
CS2024_000256,experiment,Chamaecrista_latistipula,1947_a,1947,rhizobium_absent_organic_matter,220,72,72,18,0,0,0,FALSE,NA,NA
CS2024_000257,experiment,Chamaecrista_latistipula,P14_b,P14,rhizobium_absent_sand_soil,220,92,42,22,0,0,0,FALSE,NA,NA
CS2024_000258,experiment,Chamaecrista_latistipula,P06_b,P06,rhizobium_absent_sand_soil,220,69,41,13,0,0,0,FALSE,NA,NA
CS2024_000259,experiment,Chamaecrista_latistipula,P12_b,P12,rhizobium_absent_sand_soil,220,53.5,25,11,0,0,0,FALSE,NA,NA
CS2024_000260,experiment,Chamaecrista_latistipula,P18_b,P18,rhizobium_absent_sand_soil,220,83,42,12,0,0,0,TRUE,450,450
CS2024_000261,experiment,Chamaecrista_latistipula,1999_b,1999,rhizobium_absent_sand_soil,220,67,24,17,0,0,0,FALSE,NA,NA
CS2024_000262,experiment,Chamaecrista_latistipula,2139_b,2139,rhizobium_absent_sand_soil,220,69,38,27,0,0,0,FALSE,NA,NA
CS2024_000263,experiment,Chamaecrista_latistipula,1989_b,1989,rhizobium_absent_sand_soil,220,88,26,16,0,0,0,FALSE,NA,NA
CS2024_000264,experiment,Chamaecrista_latistipula,2191_b,2191,rhizobium_absent_sand_soil,220,69,19,10,0,0,0,FALSE,NA,NA
CS2024_000265,experiment,Chamaecrista_latistipula,P13_b,P13,rhizobium_absent_sand_soil,220,42,41,10,0,0,0,FALSE,NA,NA
CS2024_000266,experiment,Chamaecrista_latistipula,P20_b,P20,rhizobium_absent_sand_soil,220,67,40,11,0,0,0,FALSE,NA,NA
CS2024_000267,experiment,Chamaecrista_latistipula,P11_b,P11,rhizobium_absent_sand_soil,220,75,51,19,0,0,0,FALSE,NA,NA
CS2024_000268,experiment,Chamaecrista_latistipula,P16_b,P16,rhizobium_absent_sand_soil,220,86,26,17,0,0,0,FALSE,NA,NA
CS2024_000269,experiment,Chamaecrista_latistipula,4109_b,4109,rhizobium_absent_sand_soil,220,74,34,19,0,0,0,FALSE,NA,NA
CS2024_000270,experiment,Chamaecrista_latistipula,1979_b,1979,rhizobium_absent_sand_soil,220,82,33,24,0,0,0,FALSE,NA,NA
CS2024_000271,experiment,Chamaecrista_latistipula,2137_b,2137,rhizobium_absent_sand_soil,220,65,30,11,0,0,0,FALSE,NA,NA
CS2024_000272,experiment,Chamaecrista_latistipula,1947_b,1947,rhizobium_absent_sand_soil,220,66,27,13,0,0,0,FALSE,NA,NA
CS2024_000273,experiment,Chamaecrista_latistipula,P20_c,P20,rhizobium_present_organic_matter,220,78,87,34,12,6,4,TRUE,220,220
CS2024_000274,experiment,Chamaecrista_latistipula,P06_c,P06,rhizobium_present_organic_matter,220,NA,NA,NA,NA,NA,NA,NA,NA,NA
CS2024_000275,experiment,Chamaecrista_latistipula,P11_c,P11,rhizobium_present_organic_matter,220,104,120,37,2,7,1,TRUE,149,220
CS2024_000276,experiment,Chamaecrista_latistipula,P12_c,P12,rhizobium_present_organic_matter,220,68,71,11,0,0,0,TRUE,450,450
CS2024_000277,experiment,Chamaecrista_latistipula,P16_c,P16,rhizobium_present_organic_matter,220,NA,NA,NA,NA,NA,NA,NA,NA,NA
CS2024_000278,experiment,Chamaecrista_latistipula,P18_c,P18,rhizobium_present_organic_matter,220,78.5,62,22,0,0,0,TRUE,450,450
CS2024_000279,experiment,Chamaecrista_latistipula,4109_c,4109,rhizobium_present_organic_matter,220,126,142,27,6,6,4,TRUE,220,220
CS2024_000280,experiment,Chamaecrista_latistipula,1999_c,1999,rhizobium_present_organic_matter,220,NA,NA,NA,NA,NA,NA,NA,NA,NA
CS2024_000281,experiment,Chamaecrista_latistipula,1979_c,1979,rhizobium_present_organic_matter,220,86,144,25,2,0,1,FALSE,NA,NA
CS2024_000282,experiment,Chamaecrista_latistipula,2139_c,2139,rhizobium_present_organic_matter,220,NA,NA,NA,NA,NA,NA,NA,NA,NA
CS2024_000283,experiment,Chamaecrista_latistipula,2137_c,2137,rhizobium_present_organic_matter,220,NA,NA,NA,NA,NA,NA,NA,NA,NA
CS2024_000284,experiment,Chamaecrista_latistipula,1989_c,1989,rhizobium_present_organic_matter,220,87,118,23,2,4,0,TRUE,220,220
CS2024_000285,experiment,Chamaecrista_latistipula,1947_c,1947,rhizobium_present_organic_matter,220,51,56,2,0,0,0,TRUE,450,450
CS2024_000286,experiment,Chamaecrista_latistipula,2191_c,2191,rhizobium_present_organic_matter,220,59,48,9,0,0,0,FALSE,NA,NA
CS2024_000287,experiment,Chamaecrista_latistipula,P20_d,P20,rhizobium_present_sand_soil,220,174,287,17,67,55,19,TRUE,149,220
CS2024_000288,experiment,Chamaecrista_latistipula,P06_d,P06,rhizobium_present_sand_soil,220,161,349,28,102,125,39,TRUE,162,220
CS2024_000289,experiment,Chamaecrista_latistipula,P11_d,P11,rhizobium_present_sand_soil,220,93,319,18,45,69,20,TRUE,149,220
CS2024_000290,experiment,Chamaecrista_latistipula,P12_d,P12,rhizobium_present_sand_soil,220,160.2,262,27,100,103,37,TRUE,162,220
CS2024_000291,experiment,Chamaecrista_latistipula,P16_d,P16,rhizobium_present_sand_soil,220,177,345,28,81,79,21,TRUE,149,220
CS2024_000292,experiment,Chamaecrista_latistipula,P18_d,P18,rhizobium_present_sand_soil,220,167,258,18,65,76,18,TRUE,162,220
CS2024_000293,experiment,Chamaecrista_latistipula,4109_d,4109,rhizobium_present_sand_soil,220,169,420,29,55,71,20,TRUE,149,162
CS2024_000294,experiment,Chamaecrista_latistipula,1999_d,1999,rhizobium_present_sand_soil,220,162,316,40,38,54,25,TRUE,149,162
CS2024_000295,experiment,Chamaecrista_latistipula,1979_d,1979,rhizobium_present_sand_soil,220,180,332,13,40,43,28,TRUE,149,162
CS2024_000296,experiment,Chamaecrista_latistipula,2139_d,2139,rhizobium_present_sand_soil,220,175,235,17,42,37,24,TRUE,149,220
CS2024_000297,experiment,Chamaecrista_latistipula,2137_d,2137,rhizobium_present_sand_soil,220,161,202,14,29,27,14,TRUE,162,220
CS2024_000298,experiment,Chamaecrista_latistipula,1989_d,1989,rhizobium_present_sand_soil,220,128,375,22,29,27,14,TRUE,149,162
CS2024_000299,experiment,Chamaecrista_latistipula,1947_d,1947,rhizobium_present_sand_soil,220,159,376,22,29,62,26,TRUE,149,220
CS2024_000300,experiment,Chamaecrista_latistipula,2191_d,2191,rhizobium_present_sand_soil,220,166,270,14,62,46,31,TRUE,162,220
CS2024_000301,experiment,Chamaecrista_latistipula,P14_a,P14,rhizobium_absent_organic_matter,284,105,50,151,0,0,NA,FALSE,NA,NA
CS2024_000302,experiment,Chamaecrista_latistipula,P06_a,P06,rhizobium_absent_organic_matter,284,95,44,103,0,0,NA,TRUE,220,220
CS2024_000303,experiment,Chamaecrista_latistipula,P12_a,P12,rhizobium_absent_organic_matter,284,79,45,114,0,0,NA,FALSE,NA,NA
CS2024_000304,experiment,Chamaecrista_latistipula,P18_a,P18,rhizobium_absent_organic_matter,284,73,54,151,0,0,NA,FALSE,NA,NA
CS2024_000305,experiment,Chamaecrista_latistipula,1999_a,1999,rhizobium_absent_organic_matter,284,96,92,41,0,0,NA,FALSE,NA,NA
CS2024_000306,experiment,Chamaecrista_latistipula,2139_a,2139,rhizobium_absent_organic_matter,284,97,52,170,0,0,NA,TRUE,162,162
CS2024_000307,experiment,Chamaecrista_latistipula,1989_a,1989,rhizobium_absent_organic_matter,284,105,48,71,0,0,NA,TRUE,220,220
CS2024_000308,experiment,Chamaecrista_latistipula,2191_a,2191,rhizobium_absent_organic_matter,284,89,46,96,0,0,NA,TRUE,220,220
CS2024_000309,experiment,Chamaecrista_latistipula,P13_a,P13,rhizobium_absent_organic_matter,284,99,56,135,0,0,NA,TRUE,220,220
CS2024_000310,experiment,Chamaecrista_latistipula,P20_a,P20,rhizobium_absent_organic_matter,284,75,55,139,0,0,NA,TRUE,450,450
CS2024_000311,experiment,Chamaecrista_latistipula,P11_a,P11,rhizobium_absent_organic_matter,284,101,64,85,1,0,NA,TRUE,162,162
CS2024_000312,experiment,Chamaecrista_latistipula,P16_a,P16,rhizobium_absent_organic_matter,284,90,44,186,0,0,NA,TRUE,162,162
CS2024_000313,experiment,Chamaecrista_latistipula,4109_a,4109,rhizobium_absent_organic_matter,284,85,53,174,0,0,NA,TRUE,149,149
CS2024_000314,experiment,Chamaecrista_latistipula,1979_a,1979,rhizobium_absent_organic_matter,284,96,45,160,0,0,NA,TRUE,162,162
CS2024_000315,experiment,Chamaecrista_latistipula,2137_a,2137,rhizobium_absent_organic_matter,284,93,58,105,0,0,NA,FALSE,NA,NA
CS2024_000316,experiment,Chamaecrista_latistipula,1947_a,1947,rhizobium_absent_organic_matter,284,83,44,85,0,0,NA,FALSE,NA,NA
CS2024_000317,experiment,Chamaecrista_latistipula,P14_b,P14,rhizobium_absent_sand_soil,284,103,35,38,0,0,NA,FALSE,NA,NA
CS2024_000318,experiment,Chamaecrista_latistipula,P06_b,P06,rhizobium_absent_sand_soil,284,80,27,34,0,0,NA,FALSE,NA,NA
CS2024_000319,experiment,Chamaecrista_latistipula,P12_b,P12,rhizobium_absent_sand_soil,284,62,35,39,0,0,NA,FALSE,NA,NA
CS2024_000320,experiment,Chamaecrista_latistipula,P18_b,P18,rhizobium_absent_sand_soil,284,93,42,42,0,0,NA,TRUE,450,450
CS2024_000321,experiment,Chamaecrista_latistipula,1999_b,1999,rhizobium_absent_sand_soil,284,77,29,24,0,0,NA,FALSE,NA,NA
CS2024_000322,experiment,Chamaecrista_latistipula,2139_b,2139,rhizobium_absent_sand_soil,284,73,34,45,0,0,NA,FALSE,NA,NA
CS2024_000323,experiment,Chamaecrista_latistipula,1989_b,1989,rhizobium_absent_sand_soil,284,94,19,34,0,0,NA,FALSE,NA,NA
CS2024_000324,experiment,Chamaecrista_latistipula,2191_b,2191,rhizobium_absent_sand_soil,284,76,13,32,0,0,NA,FALSE,NA,NA
CS2024_000325,experiment,Chamaecrista_latistipula,P13_b,P13,rhizobium_absent_sand_soil,284,45,37,29,0,0,NA,FALSE,NA,NA
CS2024_000326,experiment,Chamaecrista_latistipula,P20_b,P20,rhizobium_absent_sand_soil,284,77,36,35,0,0,NA,FALSE,NA,NA
CS2024_000327,experiment,Chamaecrista_latistipula,P11_b,P11,rhizobium_absent_sand_soil,284,81,45,39,0,0,NA,FALSE,NA,NA
CS2024_000328,experiment,Chamaecrista_latistipula,P16_b,P16,rhizobium_absent_sand_soil,284,96,30,24,0,0,NA,FALSE,NA,NA
CS2024_000329,experiment,Chamaecrista_latistipula,4109_b,4109,rhizobium_absent_sand_soil,284,77,24,53,0,0,NA,FALSE,NA,NA
CS2024_000330,experiment,Chamaecrista_latistipula,1979_b,1979,rhizobium_absent_sand_soil,284,84,91,25,0,0,NA,FALSE,NA,NA
CS2024_000331,experiment,Chamaecrista_latistipula,2137_b,2137,rhizobium_absent_sand_soil,284,69,26,33,0,0,NA,FALSE,NA,NA
CS2024_000332,experiment,Chamaecrista_latistipula,1947_b,1947,rhizobium_absent_sand_soil,284,77,22,24,0,0,NA,FALSE,NA,NA
CS2024_000333,experiment,Chamaecrista_latistipula,P20_c,P20,rhizobium_present_organic_matter,284,98,119,72,0,0,NA,TRUE,220,220
CS2024_000334,experiment,Chamaecrista_latistipula,P06_c,P06,rhizobium_present_organic_matter,284,NA,NA,NA,NA,NA,NA,NA,NA,NA
CS2024_000335,experiment,Chamaecrista_latistipula,P11_c,P11,rhizobium_present_organic_matter,284,108,128,104,0,0,NA,TRUE,149,220
CS2024_000336,experiment,Chamaecrista_latistipula,P12_c,P12,rhizobium_present_organic_matter,284,67,72,86,0,0,NA,TRUE,450,450
CS2024_000337,experiment,Chamaecrista_latistipula,P16_c,P16,rhizobium_present_organic_matter,284,NA,NA,NA,NA,NA,NA,NA,NA,NA
CS2024_000338,experiment,Chamaecrista_latistipula,P18_c,P18,rhizobium_present_organic_matter,284,81,71,91,0,0,NA,TRUE,450,450
CS2024_000339,experiment,Chamaecrista_latistipula,4109_c,4109,rhizobium_present_organic_matter,284,142,122,130,0,0,NA,TRUE,220,220
CS2024_000340,experiment,Chamaecrista_latistipula,1999_c,1999,rhizobium_present_organic_matter,284,NA,NA,NA,NA,NA,NA,NA,NA,NA
CS2024_000341,experiment,Chamaecrista_latistipula,1979_c,1979,rhizobium_present_organic_matter,284,90,129,99,0,0,NA,FALSE,NA,NA
CS2024_000342,experiment,Chamaecrista_latistipula,2139_c,2139,rhizobium_present_organic_matter,284,NA,NA,NA,NA,NA,NA,NA,NA,NA
CS2024_000343,experiment,Chamaecrista_latistipula,2137_c,2137,rhizobium_present_organic_matter,284,NA,NA,NA,NA,NA,NA,NA,NA,NA
CS2024_000344,experiment,Chamaecrista_latistipula,1989_c,1989,rhizobium_present_organic_matter,284,103,94,106,0,0,NA,TRUE,220,220
CS2024_000345,experiment,Chamaecrista_latistipula,1947_c,1947,rhizobium_present_organic_matter,284,63,45,47,0,0,NA,TRUE,450,450
CS2024_000346,experiment,Chamaecrista_latistipula,2191_c,2191,rhizobium_present_organic_matter,284,74,49,72,0,0,NA,FALSE,NA,NA
CS2024_000347,experiment,Chamaecrista_latistipula,P20_d,P20,rhizobium_present_sand_soil,284,192,612,68,47,9,NA,TRUE,149,220
CS2024_000348,experiment,Chamaecrista_latistipula,P06_d,P06,rhizobium_present_sand_soil,284,171,525,79,23,8,NA,TRUE,162,220
CS2024_000349,experiment,Chamaecrista_latistipula,P11_d,P11,rhizobium_present_sand_soil,284,89,524,71,19,5,NA,TRUE,149,220
CS2024_000350,experiment,Chamaecrista_latistipula,P12_d,P12,rhizobium_present_sand_soil,284,188,627,64,20,9,NA,TRUE,162,220
CS2024_000351,experiment,Chamaecrista_latistipula,P16_d,P16,rhizobium_present_sand_soil,284,201,559,129,28,17,NA,TRUE,149,220
CS2024_000352,experiment,Chamaecrista_latistipula,P18_d,P18,rhizobium_present_sand_soil,284,179,399,47,17,5,NA,TRUE,162,220
CS2024_000353,experiment,Chamaecrista_latistipula,4109_d,4109,rhizobium_present_sand_soil,284,180,688,77,12,1,NA,TRUE,149,162
CS2024_000354,experiment,Chamaecrista_latistipula,1999_d,1999,rhizobium_present_sand_soil,284,181,565,88,18,6,NA,TRUE,149,162
CS2024_000355,experiment,Chamaecrista_latistipula,1979_d,1979,rhizobium_present_sand_soil,284,204,633,78,15,4,NA,TRUE,149,162
CS2024_000356,experiment,Chamaecrista_latistipula,2139_d,2139,rhizobium_present_sand_soil,284,201,446,113,9,5,NA,TRUE,149,220
CS2024_000357,experiment,Chamaecrista_latistipula,2137_d,2137,rhizobium_present_sand_soil,284,191,343,80,7,1,NA,TRUE,162,220
CS2024_000358,experiment,Chamaecrista_latistipula,1989_d,1989,rhizobium_present_sand_soil,284,195,522,70,9,5,NA,TRUE,149,162
CS2024_000359,experiment,Chamaecrista_latistipula,1947_d,1947,rhizobium_present_sand_soil,284,175,622,74,0,0,NA,TRUE,149,220
CS2024_000360,experiment,Chamaecrista_latistipula,2191_d,2191,rhizobium_present_sand_soil,284,196,404,92,15,3,NA,TRUE,162,220
CS2024_000361,experiment,Chamaecrista_latistipula,P14_a,P14,rhizobium_absent_organic_matter,354,103,35,168,0,0,NA,FALSE,NA,NA
CS2024_000362,experiment,Chamaecrista_latistipula,P06_a,P06,rhizobium_absent_organic_matter,354,90,47,141,0,0,NA,TRUE,220,220
CS2024_000363,experiment,Chamaecrista_latistipula,P12_a,P12,rhizobium_absent_organic_matter,354,80,23,126,0,0,NA,FALSE,NA,NA
CS2024_000364,experiment,Chamaecrista_latistipula,P18_a,P18,rhizobium_absent_organic_matter,354,70,36,191,0,0,NA,FALSE,NA,NA
CS2024_000365,experiment,Chamaecrista_latistipula,1999_a,1999,rhizobium_absent_organic_matter,354,99,43,175,0,0,NA,FALSE,NA,NA
CS2024_000366,experiment,Chamaecrista_latistipula,2139_a,2139,rhizobium_absent_organic_matter,354,97,34,199,0,0,NA,TRUE,162,162
CS2024_000367,experiment,Chamaecrista_latistipula,1989_a,1989,rhizobium_absent_organic_matter,354,108,49,107,0,0,NA,TRUE,220,220
CS2024_000368,experiment,Chamaecrista_latistipula,2191_a,2191,rhizobium_absent_organic_matter,354,90,42,130,0,0,NA,TRUE,220,220
CS2024_000369,experiment,Chamaecrista_latistipula,P13_a,P13,rhizobium_absent_organic_matter,354,96,59,209,0,0,NA,TRUE,220,220
CS2024_000370,experiment,Chamaecrista_latistipula,P20_a,P20,rhizobium_absent_organic_matter,354,65,68,182,0,0,NA,TRUE,450,450
CS2024_000371,experiment,Chamaecrista_latistipula,P11_a,P11,rhizobium_absent_organic_matter,354,105,86,148,0,0,NA,TRUE,162,162
CS2024_000372,experiment,Chamaecrista_latistipula,P16_a,P16,rhizobium_absent_organic_matter,354,80,35,198,0,0,NA,TRUE,162,162
CS2024_000373,experiment,Chamaecrista_latistipula,4109_a,4109,rhizobium_absent_organic_matter,354,70,37,207,0,0,NA,TRUE,149,149
CS2024_000374,experiment,Chamaecrista_latistipula,1979_a,1979,rhizobium_absent_organic_matter,354,93,33,161,0,0,NA,TRUE,162,162
CS2024_000375,experiment,Chamaecrista_latistipula,2137_a,2137,rhizobium_absent_organic_matter,354,87,69,174,0,0,NA,FALSE,NA,NA
CS2024_000376,experiment,Chamaecrista_latistipula,1947_a,1947,rhizobium_absent_organic_matter,354,NA,NA,NA,0,0,NA,FALSE,NA,NA
CS2024_000377,experiment,Chamaecrista_latistipula,P14_b,P14,rhizobium_absent_sand_soil,354,115,59,60,0,0,NA,FALSE,NA,NA
CS2024_000378,experiment,Chamaecrista_latistipula,P06_b,P06,rhizobium_absent_sand_soil,354,94,42,44,0,0,NA,FALSE,NA,NA
CS2024_000379,experiment,Chamaecrista_latistipula,P12_b,P12,rhizobium_absent_sand_soil,354,72,57,53,0,0,NA,FALSE,NA,NA
CS2024_000380,experiment,Chamaecrista_latistipula,P18_b,P18,rhizobium_absent_sand_soil,354,108,44,50,0,0,NA,TRUE,450,450
CS2024_000381,experiment,Chamaecrista_latistipula,1999_b,1999,rhizobium_absent_sand_soil,354,88,56,37,0,0,NA,FALSE,NA,NA
CS2024_000382,experiment,Chamaecrista_latistipula,2139_b,2139,rhizobium_absent_sand_soil,354,88,50,57,0,0,NA,FALSE,NA,NA
CS2024_000383,experiment,Chamaecrista_latistipula,1989_b,1989,rhizobium_absent_sand_soil,354,109,54,34,0,0,NA,FALSE,NA,NA
CS2024_000384,experiment,Chamaecrista_latistipula,2191_b,2191,rhizobium_absent_sand_soil,354,67,38,20,0,0,NA,FALSE,NA,NA
CS2024_000385,experiment,Chamaecrista_latistipula,P13_b,P13,rhizobium_absent_sand_soil,354,54,65,31,0,0,NA,FALSE,NA,NA
CS2024_000386,experiment,Chamaecrista_latistipula,P20_b,P20,rhizobium_absent_sand_soil,354,85,50,59,0,0,NA,FALSE,NA,NA
CS2024_000387,experiment,Chamaecrista_latistipula,P11_b,P11,rhizobium_absent_sand_soil,354,127,55,79,0,0,NA,FALSE,NA,NA
CS2024_000388,experiment,Chamaecrista_latistipula,P16_b,P16,rhizobium_absent_sand_soil,354,110,58,40,0,0,NA,FALSE,NA,NA
CS2024_000389,experiment,Chamaecrista_latistipula,4109_b,4109,rhizobium_absent_sand_soil,354,60,62,32,0,0,NA,FALSE,NA,NA
CS2024_000390,experiment,Chamaecrista_latistipula,1979_b,1979,rhizobium_absent_sand_soil,354,88,64,48,0,0,NA,FALSE,NA,NA
CS2024_000391,experiment,Chamaecrista_latistipula,2137_b,2137,rhizobium_absent_sand_soil,354,76,36,54,0,0,NA,FALSE,NA,NA
CS2024_000392,experiment,Chamaecrista_latistipula,1947_b,1947,rhizobium_absent_sand_soil,354,88,39,31,0,0,NA,FALSE,NA,NA
CS2024_000393,experiment,Chamaecrista_latistipula,P20_c,P20,rhizobium_present_organic_matter,354,103,213,164,0,0,NA,TRUE,220,220
CS2024_000394,experiment,Chamaecrista_latistipula,P11_c,P11,rhizobium_present_organic_matter,354,110,192,142,0,0,NA,TRUE,149,220
CS2024_000395,experiment,Chamaecrista_latistipula,P12_c,P12,rhizobium_present_organic_matter,354,91,119,98,0,0,NA,TRUE,450,450
CS2024_000396,experiment,Chamaecrista_latistipula,P18_c,P18,rhizobium_present_organic_matter,354,97,137,129,0,0,NA,TRUE,450,450
CS2024_000397,experiment,Chamaecrista_latistipula,4109_c,4109,rhizobium_present_organic_matter,354,144,235,216,0,0,NA,TRUE,220,220
CS2024_000398,experiment,Chamaecrista_latistipula,1979_c,1979,rhizobium_present_organic_matter,354,100,172,249,0,0,NA,FALSE,NA,NA
CS2024_000399,experiment,Chamaecrista_latistipula,1989_c,1989,rhizobium_present_organic_matter,354,108,131,102,0,0,NA,TRUE,220,220
CS2024_000400,experiment,Chamaecrista_latistipula,1947_c,1947,rhizobium_present_organic_matter,354,89,66,85,0,0,NA,TRUE,450,450
CS2024_000401,experiment,Chamaecrista_latistipula,2191_c,2191,rhizobium_present_organic_matter,354,72,104,111,0,0,NA,FALSE,NA,NA
CS2024_000402,experiment,Chamaecrista_latistipula,P06_c,P06,rhizobium_present_organic_matter,354,NA,NA,NA,NA,NA,NA,NA,NA,NA
CS2024_000403,experiment,Chamaecrista_latistipula,P16_c,P16,rhizobium_present_organic_matter,354,NA,NA,NA,NA,NA,NA,NA,NA,NA
CS2024_000404,experiment,Chamaecrista_latistipula,1999_c,1999,rhizobium_present_organic_matter,354,NA,NA,NA,NA,NA,NA,NA,NA,NA
CS2024_000405,experiment,Chamaecrista_latistipula,2139_c,2139,rhizobium_present_organic_matter,354,NA,NA,NA,NA,NA,NA,NA,NA,NA
CS2024_000406,experiment,Chamaecrista_latistipula,2137_c,2137,rhizobium_present_organic_matter,354,NA,NA,NA,NA,NA,NA,NA,NA,NA
CS2024_000407,experiment,Chamaecrista_latistipula,P20_d,P20,rhizobium_present_sand_soil,354,208,988,182,96,15,NA,TRUE,149,220
CS2024_000408,experiment,Chamaecrista_latistipula,P06_d,P06,rhizobium_present_sand_soil,354,213,951,197,66,9,NA,TRUE,162,220
CS2024_000409,experiment,Chamaecrista_latistipula,P11_d,P11,rhizobium_present_sand_soil,354,146,722,107,54,11,NA,TRUE,149,220
CS2024_000410,experiment,Chamaecrista_latistipula,P12_d,P12,rhizobium_present_sand_soil,354,217,911,259,28,4,NA,TRUE,162,220
CS2024_000411,experiment,Chamaecrista_latistipula,P16_d,P16,rhizobium_present_sand_soil,354,215,903,229,35,4,NA,TRUE,149,220
CS2024_000412,experiment,Chamaecrista_latistipula,P18_d,P18,rhizobium_present_sand_soil,354,204,787,260,6,3,NA,TRUE,162,220
CS2024_000413,experiment,Chamaecrista_latistipula,4109_d,4109,rhizobium_present_sand_soil,354,210.5,1051,187,84,11,NA,TRUE,149,162
CS2024_000414,experiment,Chamaecrista_latistipula,1999_d,1999,rhizobium_present_sand_soil,354,209,975,143,15,5,NA,TRUE,149,162
CS2024_000415,experiment,Chamaecrista_latistipula,1979_d,1979,rhizobium_present_sand_soil,354,205.5,881,222,19,1,NA,TRUE,149,162
CS2024_000416,experiment,Chamaecrista_latistipula,2139_d,2139,rhizobium_present_sand_soil,354,218,686,323,1,1,NA,TRUE,149,220
CS2024_000417,experiment,Chamaecrista_latistipula,2137_d,2137,rhizobium_present_sand_soil,354,213,601,344,21,1,NA,TRUE,162,220
CS2024_000418,experiment,Chamaecrista_latistipula,1989_d,1989,rhizobium_present_sand_soil,354,214,699,200,6,0,NA,TRUE,149,162
CS2024_000419,experiment,Chamaecrista_latistipula,1947_d,1947,rhizobium_present_sand_soil,354,192,810,312,10,2,NA,TRUE,149,220
CS2024_000420,experiment,Chamaecrista_latistipula,2191_d,2191,rhizobium_present_sand_soil,354,208,614,351,10,2,NA,TRUE,162,220
CS2024_000421,experiment,Chamaecrista_latistipula,P14_a,P14,rhizobium_absent_organic_matter,450,96,24,232,0,0,NA,FALSE,NA,NA
CS2024_000422,experiment,Chamaecrista_latistipula,P06_a,P06,rhizobium_absent_organic_matter,450,71,54,240,0,0,NA,TRUE,220,220
CS2024_000423,experiment,Chamaecrista_latistipula,P12_a,P12,rhizobium_absent_organic_matter,450,82,13,186,0,0,NA,FALSE,NA,NA
CS2024_000424,experiment,Chamaecrista_latistipula,P18_a,P18,rhizobium_absent_organic_matter,450,59.5,68,277,0,0,NA,FALSE,NA,NA
CS2024_000425,experiment,Chamaecrista_latistipula,1999_a,1999,rhizobium_absent_organic_matter,450,94,54,282,0,0,NA,FALSE,NA,NA
CS2024_000426,experiment,Chamaecrista_latistipula,2139_a,2139,rhizobium_absent_organic_matter,450,94,37,259,0,0,NA,TRUE,162,162
CS2024_000427,experiment,Chamaecrista_latistipula,1989_a,1989,rhizobium_absent_organic_matter,450,107,49,183,0,0,NA,TRUE,220,220
CS2024_000428,experiment,Chamaecrista_latistipula,2191_a,2191,rhizobium_absent_organic_matter,450,91,42,116,0,0,NA,TRUE,220,220
CS2024_000429,experiment,Chamaecrista_latistipula,P13_a,P13,rhizobium_absent_organic_matter,450,96,67,248,0,0,NA,TRUE,220,220
CS2024_000430,experiment,Chamaecrista_latistipula,P20_a,P20,rhizobium_absent_organic_matter,450,74,56,169,1,1,NA,TRUE,450,450
CS2024_000431,experiment,Chamaecrista_latistipula,P11_a,P11,rhizobium_absent_organic_matter,450,111,66,126,1,1,NA,TRUE,162,162
CS2024_000432,experiment,Chamaecrista_latistipula,P16_a,P16,rhizobium_absent_organic_matter,450,81,34,205,0,0,NA,TRUE,162,162
CS2024_000433,experiment,Chamaecrista_latistipula,4109_a,4109,rhizobium_absent_organic_matter,450,73,45,248,0,0,NA,TRUE,149,149
CS2024_000434,experiment,Chamaecrista_latistipula,1979_a,1979,rhizobium_absent_organic_matter,450,91,55,223,0,0,NA,TRUE,162,162
CS2024_000435,experiment,Chamaecrista_latistipula,2137_a,2137,rhizobium_absent_organic_matter,450,68,42,224,0,0,NA,FALSE,NA,NA
CS2024_000436,experiment,Chamaecrista_latistipula,1947_a,1947,rhizobium_absent_organic_matter,450,79,26,154,0,0,NA,FALSE,NA,NA
CS2024_000437,experiment,Chamaecrista_latistipula,P14_b,P14,rhizobium_absent_sand_soil,450,141,64,96,0,0,NA,FALSE,NA,NA
CS2024_000438,experiment,Chamaecrista_latistipula,P06_b,P06,rhizobium_absent_sand_soil,450,128,42,118,0,0,NA,FALSE,NA,NA
CS2024_000439,experiment,Chamaecrista_latistipula,P12_b,P12,rhizobium_absent_sand_soil,450,109,39,147,0,0,NA,FALSE,NA,NA
CS2024_000440,experiment,Chamaecrista_latistipula,P18_b,P18,rhizobium_absent_sand_soil,450,135,52,126,1,1,NA,TRUE,450,450
CS2024_000441,experiment,Chamaecrista_latistipula,1999_b,1999,rhizobium_absent_sand_soil,450,108,52,138,0,0,NA,FALSE,NA,NA
CS2024_000442,experiment,Chamaecrista_latistipula,2139_b,2139,rhizobium_absent_sand_soil,450,112,53,151,0,0,NA,FALSE,NA,NA
CS2024_000443,experiment,Chamaecrista_latistipula,1989_b,1989,rhizobium_absent_sand_soil,450,135,62,136,0,0,NA,FALSE,NA,NA
CS2024_000444,experiment,Chamaecrista_latistipula,2191_b,2191,rhizobium_absent_sand_soil,450,85,32,229,0,0,NA,FALSE,NA,NA
CS2024_000445,experiment,Chamaecrista_latistipula,P13_b,P13,rhizobium_absent_sand_soil,450,77,46,97,0,0,NA,FALSE,NA,NA
CS2024_000446,experiment,Chamaecrista_latistipula,P20_b,P20,rhizobium_absent_sand_soil,450,114,68,67,0,0,NA,FALSE,NA,NA
CS2024_000447,experiment,Chamaecrista_latistipula,P11_b,P11,rhizobium_absent_sand_soil,450,127,59,264,0,0,NA,FALSE,NA,NA
CS2024_000448,experiment,Chamaecrista_latistipula,P16_b,P16,rhizobium_absent_sand_soil,450,134,62,29,1,0,NA,FALSE,NA,NA
CS2024_000449,experiment,Chamaecrista_latistipula,4109_b,4109,rhizobium_absent_sand_soil,450,73,60,143,0,0,NA,FALSE,NA,NA
CS2024_000450,experiment,Chamaecrista_latistipula,1979_b,1979,rhizobium_absent_sand_soil,450,99,88,184,0,0,NA,FALSE,NA,NA
CS2024_000451,experiment,Chamaecrista_latistipula,2137_b,2137,rhizobium_absent_sand_soil,450,85,44,87,0,0,NA,FALSE,NA,NA
CS2024_000452,experiment,Chamaecrista_latistipula,1947_b,1947,rhizobium_absent_sand_soil,450,102,49,132,0,0,NA,FALSE,NA,NA
CS2024_000453,experiment,Chamaecrista_latistipula,P20_c,P20,rhizobium_present_organic_matter,450,118,292,396,6,1,NA,TRUE,220,220
CS2024_000454,experiment,Chamaecrista_latistipula,P06_c,P06,rhizobium_present_organic_matter,450,NA,NA,NA,NA,NA,NA,NA,NA,NA
CS2024_000455,experiment,Chamaecrista_latistipula,P11_c,P11,rhizobium_present_organic_matter,450,108,241,372,0,0,NA,TRUE,149,220
CS2024_000456,experiment,Chamaecrista_latistipula,P12_c,P12,rhizobium_present_organic_matter,450,124,214,212,10,3,NA,TRUE,450,450
CS2024_000457,experiment,Chamaecrista_latistipula,P16_c,P16,rhizobium_present_organic_matter,450,NA,NA,NA,NA,NA,NA,NA,NA,NA
CS2024_000458,experiment,Chamaecrista_latistipula,P18_c,P18,rhizobium_present_organic_matter,450,102,208,287,3,1,NA,TRUE,450,450
CS2024_000459,experiment,Chamaecrista_latistipula,4109_c,4109,rhizobium_present_organic_matter,450,147,345,311,0,0,NA,TRUE,220,220
CS2024_000460,experiment,Chamaecrista_latistipula,1999_c,1999,rhizobium_present_organic_matter,450,NA,NA,NA,NA,NA,NA,NA,NA,NA
CS2024_000461,experiment,Chamaecrista_latistipula,1979_c,1979,rhizobium_present_organic_matter,450,107,236,294,0,0,NA,FALSE,NA,NA
CS2024_000462,experiment,Chamaecrista_latistipula,2139_c,2139,rhizobium_present_organic_matter,450,NA,NA,NA,NA,NA,NA,NA,NA,NA
CS2024_000463,experiment,Chamaecrista_latistipula,2137_c,2137,rhizobium_present_organic_matter,450,NA,NA,NA,NA,NA,NA,NA,NA,NA
CS2024_000464,experiment,Chamaecrista_latistipula,1989_c,1989,rhizobium_present_organic_matter,450,128,404,335,1,2,NA,TRUE,220,220
CS2024_000465,experiment,Chamaecrista_latistipula,1947_c,1947,rhizobium_present_organic_matter,450,124,126,163,0,1,NA,TRUE,450,450
CS2024_000466,experiment,Chamaecrista_latistipula,2191_c,2191,rhizobium_present_organic_matter,450,119,160,223,1,0,NA,FALSE,NA,NA
CS2024_000467,experiment,Chamaecrista_latistipula,P20_d,P20,rhizobium_present_sand_soil,450,218,1275,520,118,18,NA,TRUE,149,220
CS2024_000468,experiment,Chamaecrista_latistipula,P06_d,P06,rhizobium_present_sand_soil,450,227,1340,545,159,11,NA,TRUE,162,220
CS2024_000469,experiment,Chamaecrista_latistipula,P11_d,P11,rhizobium_present_sand_soil,450,131,858,573,97,18,NA,TRUE,149,220
CS2024_000470,experiment,Chamaecrista_latistipula,P12_d,P12,rhizobium_present_sand_soil,450,214,1427,688,142,9,NA,TRUE,162,220
CS2024_000471,experiment,Chamaecrista_latistipula,P16_d,P16,rhizobium_present_sand_soil,450,226,1284,688,72,8,NA,TRUE,149,220
CS2024_000472,experiment,Chamaecrista_latistipula,P18_d,P18,rhizobium_present_sand_soil,450,211,1135,603,91,15,NA,TRUE,162,220
CS2024_000473,experiment,Chamaecrista_latistipula,4109_d,4109,rhizobium_present_sand_soil,450,221,1430,636,76,7,NA,TRUE,149,162
CS2024_000474,experiment,Chamaecrista_latistipula,1999_d,1999,rhizobium_present_sand_soil,450,223,1349,738,118,6,NA,TRUE,149,162
CS2024_000475,experiment,Chamaecrista_latistipula,1979_d,1979,rhizobium_present_sand_soil,450,214,1185,766,115,8,NA,TRUE,149,162
CS2024_000476,experiment,Chamaecrista_latistipula,2139_d,2139,rhizobium_present_sand_soil,450,224,751,739,13,3,NA,TRUE,149,220
CS2024_000477,experiment,Chamaecrista_latistipula,2137_d,2137,rhizobium_present_sand_soil,450,229,657,639,19,1,NA,TRUE,162,220
CS2024_000478,experiment,Chamaecrista_latistipula,1989_d,1989,rhizobium_present_sand_soil,450,216,885,775,12,1,NA,TRUE,149,162
CS2024_000479,experiment,Chamaecrista_latistipula,1947_d,1947,rhizobium_present_sand_soil,450,216,776,788,21,6,NA,TRUE,149,220
CS2024_000480,experiment,Chamaecrista_latistipula,2191_d,2191,rhizobium_present_sand_soil,450,224,741,670,95,27,NA,TRUE,162,220
